Topologia,Algoritmo,R2_train,R2_val,RMSE_val,MAE_val
1 capa (30),L-BFGS,0.999,0.998,0.4728,0.3102
"2 capas (20,10)",L-BFGS,0.9994,0.9972,0.5547,0.3503
"2 capas (20,10)",Adam,0.9975,0.9969,0.5844,0.4294
"2 capas (20,10)",SGD,0.998,0.9967,0.6025,0.4298
"3 capas (30,20,10)",Adam,0.9982,0.9967,0.604,0.4196
"3 capas (30,20,10)",SGD,0.9982,0.9965,0.62,0.4422
"3 capas (30,20,10)",L-BFGS,0.9997,0.9962,0.6426,0.407
1 capa (30),Adam,0.9975,0.9962,0.6469,0.4606
1 capa (10),L-BFGS,0.9908,0.9903,1.0311,0.7318
1 capa (10),Adam,0.9457,0.9392,2.5814,1.863
1 capa (30),SGD,0.9337,0.9263,2.8417,1.9752
1 capa (10),SGD,0.9279,0.9181,2.9957,2.0939
